pol,pod,vessel_voyage,etd,eta,ctd,cta
Bangkok,Ho Chi Minh,SITC DALIAN 2631N,09-19(Sat),09-21(Mon),09-19(Sat),09-21(Mon)
Bangkok,Ho Chi Minh,RESURGENCE 2619N,10-03(Sat),10-05(Mon),10-03(Sat),10-05(Mon)
Bangkok,Ho Chi Minh,SITC HOCHIMINH 2621N,10-10(Sat),10-12(Mon),10-12(Mon),10-13(Tue)
Bangkok,Ho Chi Minh,SITC DALIAN 2633N,10-17(Sat),10-19(Mon),10-19(Mon),2
Bangkok,Ho Chi Minh,ASL TAIPEI 2641N,10-24(Sat),10-27(Tue),10-24(Sat),10-27(Tue)
Bangkok,Ho Chi Minh,RENOWN 2637N,10-24(Sat),10-26(Mon),10-24(Sat),10-26(Mon)
Bangkok,Ho Chi Minh,SITC XIN 2624S,10-31(Sat),11-03(Tue),10-31(Sat),2
Bangkok,Ho Chi Minh,ZHONG GU NAN HAI 2643S,11-07(Sat),11-10(Tue),CTA :,"The schedule is for your reference only. Any question,please contact our local agent.thanks."
Bangkok,Ho Chi Minh,SITC HAINAN 2626S,11-14(Sat),11-17(Tue),CTA :,2
Bangkok,Ho Chi Minh,ASL TAIPEI 2645S,11-21(Sat),11-24(Tue),CTA :,"The schedule is for your reference only. Any question,please contact our local agent.thanks."
Laem Chabang,Ho Chi Minh,DELPHINUS C 0112E,09-15(Tue),09-17(Thur),09-20(Sun),09-22(Tue)
Laem Chabang,Ho Chi Minh,SITC MINGDE 2619N,09-16(Wed),10-09(Fri),09-17(Thur),10-12(Mon)
Laem Chabang,Ho Chi Minh,SITC SHANGDE 2621N,09-18(Fri),09-20(Sun),09-18(Fri),09-20(Sun)
Laem Chabang,Ho Chi Minh,SITC JUNDE 2619N,09-18(Fri),09-19(Sat),09-23(Wed),09-25(Fri)
Laem Chabang,Ho Chi Minh,SITC HAINAN 2623N,09-20(Sun),09-22(Tue),09-20(Sun),09-22(Tue)
Laem Chabang,Ho Chi Minh,BROOKLYN BRIDGE 0184E,09-22(Tue),09-24(Thur),CTA :,7
Laem Chabang,Ho Chi Minh,SITC JIANGSU 2623N,09-23(Wed),10-16(Fri),09-28(Mon),10-22(Thur)
Laem Chabang,Ho Chi Minh,SITC ZHENGDE 2619N,09-25(Fri),10-16(Fri),09-25(Fri),10-16(Fri)
Laem Chabang,Ho Chi Minh,PIYA BHUM 097N,09-25(Fri),09-27(Sun),09-30(Wed),10-01(Thur)
Laem Chabang,Ho Chi Minh,ASL TAIPEI 2637N,09-27(Sun),09-29(Tue),09-27(Sun),09-29(Tue)
Laem Chabang,Ho Chi Minh,BAI CHAY BRIDGE 0153E,09-29(Tue),10-01(Thur),09-29(Tue),09-30(Wed)
Laem Chabang,Ho Chi Minh,SITC XINGDE 2621N,09-30(Wed),10-23(Fri),09-30(Wed),3
Laem Chabang,Ho Chi Minh,SITC WENDE 2621N,10-02(Fri),10-23(Fri),10-02(Fri),10-23(Fri)
Laem Chabang,Ho Chi Minh,SITC SHANGHAI 2621N,10-02(Fri),10-03(Sat),10-05(Mon),10-07(Wed)
Laem Chabang,Ho Chi Minh,SITC XIANDE 2625N,10-02(Fri),10-04(Sun),10-04(Sun),10-06(Tue)
Laem Chabang,Ho Chi Minh,SITC KEELUNG 2623N,10-04(Sun),10-05(Mon),10-07(Wed),10-08(Thur)
Laem Chabang,Ho Chi Minh,SITC XIN 2623N,10-04(Sun),10-06(Tue),10-04(Sun),10-06(Tue)
Laem Chabang,Ho Chi Minh,SEASPAN OSAKA 0036E,10-06(Tue),10-08(Thur),10-06(Tue),10-07(Wed)
Laem Chabang,Ho Chi Minh,SITC ZHI 2621N,10-07(Wed),10-30(Fri),10-14(Wed),10
Laem Chabang,Ho Chi Minh,SITC RENDE 2621N,10-09(Fri),10-10(Sat),10-09(Fri),10-11(Sun)
Laem Chabang,Ho Chi Minh,SITC SHANGDE 2623N,10-09(Fri),10-11(Sun),10-10(Sat),10-11(Sun)
Laem Chabang,Ho Chi Minh,ZHONG GU NAN HAI 2639N,10-11(Sun),10-13(Tue),10-11(Sun),10-13(Tue)
Laem Chabang,Ho Chi Minh,SITC FUJIAN 2625N,10-11(Sun),10-12(Mon),10-16(Fri),10-17(Sat)
Laem Chabang,Ho Chi Minh,NYK FUJI 0139E,10-13(Tue),10-15(Thur),10-13(Tue),2
Laem Chabang,Ho Chi Minh,SITC MINGDE 2621N,10-14(Wed),11-06(Fri),10-18(Sun),3
Laem Chabang,Ho Chi Minh,SITC JUNDE 2621N,10-16(Fri),10-17(Sat),10-18(Sun),10-20(Tue)
Laem Chabang,Ho Chi Minh,PIYA BHUM 099N,10-16(Fri),10-18(Sun),10-19(Mon),10-21(Wed)
Laem Chabang,Ho Chi Minh,SITC SHENGDE 2623N,10-18(Sun),10-19(Mon),10-20(Tue),10-22(Thur)
Laem Chabang,Ho Chi Minh,SITC HAINAN 2625N,10-18(Sun),10-20(Tue),10-18(Sun),10-20(Tue)
Laem Chabang,Ho Chi Minh,MOL EARNEST 0117E,10-20(Tue),10-22(Thur),CTA :,8
Laem Chabang,Ho Chi Minh,ASL TAIPEI 2641S,10-22(Thur),10-27(Tue),10-22(Thur),10-27(Tue)
Laem Chabang,Ho Chi Minh,SITC RUNDE 2623N,10-23(Fri),10-24(Sat),10-23(Fri),10-24(Sat)
Laem Chabang,Ho Chi Minh,SITC SHANDONG 2621N,10-25(Sun),10-26(Mon),10-29(Thur),10-30(Fri)
Laem Chabang,Ho Chi Minh,ASL TAIPEI 2641N,10-25(Sun),10-27(Tue),10-25(Sun),10-27(Tue)
Laem Chabang,Ho Chi Minh,SITC XIN 2624S,10-29(Thur),11-03(Tue),10-29(Thur),2
Laem Chabang,Ho Chi Minh,SITC SHANGHAI 2623N,10-30(Fri),10-31(Sat),10-30(Fri),10-31(Sat)
Laem Chabang,Ho Chi Minh,ZHONG GU NAN HAI 2643S,11-05(Thur),11-10(Tue),CTA :,"The schedule is for your reference only. Any question,please contact our local agent.thanks."
Laem Chabang,Ho Chi Minh,SITC HAINAN 2626S,11-12(Thur),11-17(Tue),CTA :,2
Laem Chabang,Ho Chi Minh,ASL TAIPEI 2645S,11-19(Thur),11-24(Tue),CTA :,"The schedule is for your reference only. Any question,please contact our local agent.thanks."
